--insert--
INSERT INTO CUSTOMER VALUES (default ,'JW38', 'DIMITR', 'KOSTAS', 'GREECE',	'ATHEN', 'PROTAG',	13,	51356, sysdate);
INSERT INTO CUSTOMER VALUES (default, 'KP23',	'PAPAG', 'MHTSOS', 'GERMANY', 'BERLI', 'SDS', 69, 96378, sysdate);
INSERT INTO CUSTOMER VALUES (default, 'DF95',	'PANOS', 'DELIOS', 'SPAIN',	'MAND',	'MUT',	77,	28469,	sysdate);
INSERT INTO CUSTOMER VALUES (default, 'LP07',	'GIORGOS', 'BARDAS', 'ITALY', 'ROME', 'VEN', 88, 12584,	sysdate);
INSERT INTO CUSTOMER VALUES (default, 'BT68',	'VAGGOS', 'IOANOY', 'FRANCE', 'PARI', 'GAL', 29, 78391,	sysdate);
INSERT INTO CUSTOMER VALUES (default, 'SR32',	'KOTSOS', 'KARIDIS', 'USA',	'TEXAS', 'ARG',	35,	58946,	sysdate);

INSERT INTO PHONENUM VALUES (1,	'JW38',	3435136546,	530351331);
INSERT INTO PHONENUM VALUES (2,	'KP23',	2153113513,	8789468188);
INSERT INTO PHONENUM VALUES (3,	'DF95',	1351134533,	4523433135);
INSERT INTO PHONENUM VALUES (4,	'LP07',	3543513136,	4646846481);
INSERT INTO PHONENUM VALUES (5,	'BT68',	2513153485,	6468468486);
INSERT INTO PHONENUM VALUES (6,	'SR32',	1623736884,	2105439135);

INSERT INTO CATEGORY VALUES ('MONOKLI', 40, 100);
INSERT INTO CATEGORY VALUES ('DIKLINO', 50, 80);
INSERT INTO CATEGORY VALUES ('TRIKLINO', 60, 30);
INSERT INTO CATEGORY VALUES ('SOUITA', 80, 12);
INSERT INTO CATEGORY VALUES ('POLITELIAS', 120, 5);

INSERT INTO FACILITY VALUES ('KOYZINA',	3);
INSERT INTO FACILITY VALUES ('PSIGEIO',	2);
INSERT INTO FACILITY VALUES ('AIRCONDITION', 5);
INSERT INTO FACILITY VALUES ('KALORIFER', 2);
INSERT INTO FACILITY VALUES ('HLIAKO', 3);

INSERT INTO ROOM VALUES (327,	'TRIKLINO',	3,	42,	1);
INSERT INTO ROOM VALUES (222,	'DIKLINO',	2,	35,	1);
INSERT INTO ROOM VALUES (162,    'TRIKLINO',1,	45,	1);	
INSERT INTO ROOM VALUES (303,	'MONOKLI',	3,	21,	1);	
INSERT INTO ROOM VALUES (209,	'TRIKLINO',	2,	41,	1);	
INSERT INTO ROOM VALUES (113,	'MONOKLI',	1,	19,	1);


INSERT INTO BOOKING VALUES (default, sysdate,	1,	'JW38', 327,	'TRIKLINO', 67,	sysdate);
INSERT INTO BOOKING VALUES (default, sysdate,	2,	'KP23', 222,	'DIKLINO',	53,	sysdate);
INSERT INTO BOOKING VALUES (default, sysdate,	3,	'DF95',	162,	'TRIKLINO', 65,	sysdate);
INSERT INTO BOOKING VALUES (default, sysdate,	4,	'LP07',	303,	'MONOKLI',	42,	sysdate);
INSERT INTO BOOKING VALUES (default, sysdate,	5,	'BT68',	209,	'TRIKLINO', 68,	sysdate);
INSERT INTO BOOKING VALUES (default, sysdate,	6,	'SR32',	113,	'MONOKLI',	42,	sysdate);

INSERT INTO FACILITIES VALUES ('KOYZINA',	'TRIKLINO',	 327);
INSERT INTO FACILITIES VALUES ('HLIAKO',	'DIKLINO',	 222);
INSERT INTO FACILITIES VALUES ('KALORIFER',	'TRIKLINO',	162);
INSERT INTO FACILITIES VALUES ('PSIGEIO',	'MONOKLI',	303);
INSERT INTO FACILITIES VALUES ('KALORIFER',	'TRIKLINO',	209);
INSERT INTO FACILITIES VALUES ('AIRCONDITION',	'MONOKLI',	113);